{"top_10_channels_by_views": {"channel_title": ["HYBE LABELS", "BLACKPINK", "MrBeast", "Bad Bunny", "SMTOWN", "JYP Entertainment", "KarolGVEVO", "Ozuna", "BANGTANTV", "MrBeast Gaming"], "view_count": [4245062482, 3375327864, 3140579428, 2448030516, 2204141429, 2203402550, 2137627898, 1691922537, 1648899994, 1560038532]}, "monthly_views_series": {"published_month": [1, 2, 3, 4, 5, 6, 7, 8, 9, 10, 11, 12], "view_count": [10482853866, 9919586310, 15878679298, 15014901519, 16059018855, 15143366107, 13888494385, 25268390648, 25145838012, 30890857200, 20593215585, 14522848729]}, "dislike_ratio_dist": {"counts": [18909, 10587, 3545, 1453, 809, 494, 319, 196, 188, 112, 87, 67, 57, 44, 42, 26, 25, 36, 21, 19, 18, 20, 9, 16, 6, 8, 4, 9, 11, 7, 16, 7, 15, 8, 10, 6, 7, 6, 11, 6, 9, 4, 1, 4, 5, 1, 1, 1, 0, 2], "bins": [0.00042456835550523637, 0.01965718821809362, 0.038889808080682, 0.05812242794327038, 0.07735504780585876, 0.09658766766844715, 0.11582028753103553, 0.13505290739362388, 0.15428552725621228, 0.17351814711880068, 0.19275076698138904, 0.2119833868439774, 0.2312160067065658, 0.25044862656915423, 0.26968124643174257, 0.28891386629433097, 0.30814648615691936, 0.32737910601950776, 0.34661172588209616, 0.3658443457446845, 0.3850769656072729, 0.4043095854698613, 0.42354220533244963, 0.442774825195038, 0.4620074450576264, 0.4812400649202148, 0.5004726847828032, 0.5197053046453916, 0.5389379245079798, 0.5581705443705682, 0.5774031642331566, 0.596635784095745, 0.6158684039583334, 0.6351010238209218, 0.6543336436835102, 0.6735662635460986, 0.692798883408687, 0.7120315032712753, 0.7312641231338637, 0.7504967429964521, 0.7697293628590405, 0.7889619827216289, 0.8081946025842173, 0.8274272224468057, 0.846659842309394, 0.8658924621719823, 0.8851250820345707, 0.9043577018971591, 0.9235903217597475, 0.9428229416223359]}, "correlation": {"variables": ["view_count", "likes", "dislikes", "comment_count", "dislike_ratio", "engagement_rate"], "matrix": [[1.0, 0.784, 0.685, 0.464, 0.018, -0.079], [0.784, 1.0, 0.68, 0.581, -0.034, 0.101], [0.685, 0.68, 1.0, 0.392, 0.145, -0.009], [0.464, 0.581, 0.392, 1.0, -0.003, 0.029], [0.018, -0.034, 0.145, -0.003, 1.0, -0.206], [-0.079, 0.101, -0.009, 0.029, -0.206, 1.0]]}, "cluster_averages": [{"cluster": "0", "avg_views": 19718812.508554704, "avg_likes": 569241.8244034218, "avg_comments": 34144.346015308416}, {"cluster": "1", "avg_views": 433634.9916376307, "avg_likes": 9676.550609756097, "avg_comments": 766.9150696864111}, {"cluster": "2", "avg_views": 1931833.756449704, "avg_likes": 63049.722366863905, "avg_comments": 3506.8631360946747}]}